/base/newsevents/news_reporting_organisation/news_reports./base/newsevents/news_report/event	0
/base/popstra/celebrity/wears./base/popstra/fashion_choice/designer	1
/biology/organism/organism_type	2
/people/person/spouse_s./people/marriage/location_of_ceremony	3
/celebrities/celebrity/celebrity_friends./celebrities/friendship/friend	4
/music/genre/albums	5
/military/military_combatant/military_conflicts./military/military_combatant_group/conflict	6
/architecture/building_function/buildings	7
/medicine/drug/active_moieties	8
/base/popstra/celebrity/friendship./base/popstra/friendship/participant	9
/government/governmental_body/sessions	10
/media_common/literary_genre/books_in_this_genre	11
/sports/pro_athlete/teams./ice_hockey/hockey_roster_position/team	12
/base/schemastaging/tv_character_extra/regular_dubbing_performances./base/schemastaging/tv_star_dubbing_performance/actor	13
/award/award_ceremony/awards_presented./award/award_honor/award_winner	14
/basketball/basketball_player/player_statistics./basketball/basketball_player_stats/team	15
/business/board_member/leader_of./organization/leadership/organization	16
/olympics/olympic_sport/athletes./olympics/olympic_athlete_affiliation/country	17
/soccer/football_player/goals_scored./soccer/football_goal/point_awarded_to	18
/medicine/medical_treatment/side_effects	19
/travel/transport_operator/travel_destinations_served./travel/transportation/travel_destination	20
/royalty/kingdom/rulers	21
/music/performance_role/track_performances./music/track_contribution/role	22
/book/book/genre	23
/biology/animal_breed/registered_with./biology/breed_registration/registry	24
/location/statistical_region/rent50_4./measurement_unit/dated_money_value/currency	25
/location/hud_foreclosure_area/total_90_day_vacant_residential_addresses./measurement_unit/dated_integer/source	26
/organization/organization/acquired_by./business/acquisition/acquiring_company	27
/metropolitan_transit/transit_line/service_type	28
/award/award_winner/awards_won./award/award_honor/honored_for	29
/film/film_subject/films	30
/user/alexander/philosophy/subject/philosophers	31
/people/person/education./education/education/degree	32
/film/film_series/films_in_series	33
/sports/sports_position/players./sports/sports_team_roster/position	34
/biology/animal_breed/registered_with./biology/breed_registration/breed_group	35
/spaceflight/space_agency/astronauts	36
/location/country/currency_used	37
/education/educational_institution/sexes_accepted./education/gender_enrollment/sex	38
/base/nobelprizes/nobel_prize_winner/nobel_honor./base/nobelprizes/nobel_honor/subject_area	39
/government/legislative_session/legislature	40
/food/ingredient/incompatible_with_dietary_restrictions	41
/base/petbreeds/dog_breed/size./base/petbreeds/dog_size/gender	42
/organization/organization/legal_structure	43
/education/field_of_study/students_majoring./education/education/degree	44
/organization/organization/involved_in_merger./organization/organization_merger/organizations_merging	45
/location/place_with_neighborhoods/neighborhoods	46
/sports/sports_team/roster./ice_hockey/hockey_previous_roster_position/player	47
/visual_art/art_subject/artwork_on_the_subject	48
/baseball/baseball_team/current_roster./baseball/baseball_roster_position/position	49
/olympics/olympic_athlete/medals_won./olympics/olympic_medal_honor/olympics	50
/religion/religious_organization/associated_with	51
/astronomy/star_system_body/star_system	52
/user/mt/default_domain/metabolite/associated_disorder	53
/influence/influence_node/peers./influence/peer_relationship/peers	54
/sports/sports_team/championships	55
/american_football/football_team/historical_coaching_staff./american_football/football_historical_coach_position/position	56
/sports/pro_athlete/teams./baseball/baseball_historical_roster_position/team	57
/fictional_universe/fictional_setting/fictional_characters_born_here	58
/base/onephylogeny/type_of_thing/includes	59
/architecture/architectural_structure_owner/structures_owned./architecture/ownership/structure	60
/tv/tv_actor/starring_roles./tv/regular_tv_appearance/special_performance_type	61
/government/political_appointer/appointees./government/government_position_held/jurisdiction_of_office	62
/olympics/olympic_medal/medal_winners./olympics/olympic_medal_honor/olympics	63
/base/argumentmaps/original_idea/innovator	64
/award/award_category/winners./award/award_honor/honored_for	65
/theater/theater_character/portrayed_by./theater/theater_role/actor	66
/government/governmental_jurisdiction/governing_officials./government/government_position_held/office_position_or_title	67
/aviation/airport/hub_for	68
/film/film/cinematography	69
/soccer/football_player/current_team./sports/sports_team_roster/team	70
/award/hall_of_fame_induction_category/inductees./award/hall_of_fame_induction/inductee	71
/military/military_commander/military_commands./military/military_command/military_conflict	72
/people/person/place_of_birth	73
/baseball/baseball_player/former_teams./baseball/baseball_historical_roster_position/team	74
/military/military_combatant/casualties./military/casualties/military_conflict	75
/olympics/olympic_participating_country/medals_won./olympics/olympic_medal_honor/medal	76
/american_football/football_player/current_team./american_football/football_roster_position/team	77
/language/human_language/countries_spoken_in	78
/comic_books/comic_book_fictional_universe/characters_primarily_appearing_in_this_universe	79
/soccer/football_player/position_s	80
/film/film_character/portrayed_in_films./film/performance/actor	81
/sports/sports_team/roster./basketball/basketball_roster_position/player	82
/cvg/gameplay_mode/games_with_this_mode	83
/government/governmental_body/component_bodies	84
/location/location/events	85
/sports/pro_athlete/teams./basketball/basketball_historical_roster_position/team	86
/education/educational_degree/people_with_this_degree./education/education/major_field_of_study	87
/base/schemastaging/organization_extra/phone_number./base/schemastaging/phone_sandbox/product_or_service	88
/basketball/basketball_team/historical_roster./basketball/basketball_historical_roster_position/player	89
/base/locations/countries/continent	90
/film/film_crewmember/films_crewed./film/film_crew_gig/film	91
/people/profession/specialization_of	92
/sports/sports_team/roster./american_football/football_historical_roster_position/player	93
/film/film_character/portrayed_in_films_dubbed./film/dubbing_performance/film	94
/location/symbol_of_administrative_division/official_symbol_of./location/location_symbol_relationship/administrative_division	95
/user/szaijan/fantasy_football/player/nfl_team	96
/tennis/tennis_player/matches_won./tennis/tennis_match/loser	97
/award/award_category/winners./award/award_honor/ceremony	98
/symbols/name_source/namesakes	99
/sports/pro_athlete/teams./american_football/football_roster_position/position	100
/film/actor/film./film/performance/character	101
/religion/religion/is_part_of	102
/fictional_universe/fictional_character/children	103
/broadcast/content/broadcast	104
/music/instrument/variation	105
/base/localfood/produce/availability./base/localfood/produce_availability/location	106
/education/academic/advisors	107
/computer/software/software_genre	108
/astronomy/orbital_relationship/orbits	109
/people/family_member/family	110
/location/location/contains	111
/tv/tv_program/original_network./tv/tv_network_duration/network	112
/soccer/football_position/players	113
/tv/tv_program/tv_producer./tv/tv_producer_term/producer_type	114
/basketball/basketball_team/roster./sports/sports_team_roster/position	115
/sports/sports_official/sport	116
/base/localfood/produce/availability./base/localfood/produce_availability/seasonal_months	117
/film/film_casting_director/films_casting_directed	118
/visual_art/visual_art_form/artworks	119
/film/film/other_crew./film/film_crew_gig/crewmember	120
/tv/tv_program/recurring_writers./tv/tv_program_writer_relationship/writer	121
/sports/sports_team/roster./basketball/basketball_historical_roster_position/player	122
/people/ethnicity/people	123
/base/contractbridge/bridge_tournament/standing./base/contractbridge/bridge_tournament_standings/second_place	124
/american_football/football_player/receiving./american_football/player_receiving_statistics/team	125
/government/government_office_or_title/office_holders./government/government_position_held/basic_title	126
/base/schemastaging/tv_actor_extra/regular_dubbing_performances./base/schemastaging/tv_star_dubbing_performance/language	127
/base/petbreeds/dog_breed/cities_where_this_dog_is_popular./base/petbreeds/dog_city_relationship/cities	128
/people/person/places_lived./people/place_lived/location	129
/book/author/school_or_movement	130
/base/patronage/client/related_patron./base/patronage/patron_client_relationship/patron	131
/base/collectives/collective_member/member_of./base/collectives/collective_membership/collective	132
/base/marchmadness/ncaa_basketball_team/ncaa_tournament_seeds./base/marchmadness/ncaa_tournament_seed/tournament	133
/base/popstra/company/fashion_choice./base/popstra/fashion_choice/fashion_wearer	134
/computer/computer/compatible_oses./computer/os_compatibility/operating_system	135
/base/ecology/ecosystem/ecosystem_members	136
/olympics/olympic_athlete/country./olympics/olympic_athlete_affiliation/sport	137
/aviation/airport/airlines./aviation/airline_airport_presence/cities_served	138
/tv/tv_character/appeared_in_tv_program./tv/regular_tv_appearance/series	139
/user/robert/us_congress/congressional_caucus/current_house_members	140
/american_football/football_coach_position/coaches_holding_this_position./american_football/football_historical_coach_position/coach	141
/base/crime/convicted_criminal/convictions./base/crime/criminal_conviction/sentence_type	142
/education/field_of_study/students_majoring./education/education/minor	143
/dining/restaurant/cuisine	144
/music/genre/artists	145
/fictional_universe/fictional_character/romantically_involved_with./fictional_universe/romantic_involvement/partner	146
/ice_hockey/hockey_player/current_team./ice_hockey/hockey_roster_position/team	147
/film/film/music	148
/sports/sports_team/roster./soccer/football_roster_position/position	149
/medicine/drug_ingredient/more_general_ingredient	150
/periodicals/newspaper_circulation_area/newspapers	151
/base/twinnedtowns/twinned_town/twinned_with./base/twinnedtowns/town_twinning/twinned_towns	152
/music/performance_role/guest_performances./music/recording_contribution/contributor	153
/music/album/genre	154
/broadcast/distributor/distributes	155
/award/award_nominated_work/award_nominations./award/award_nomination/award	156
/celebrities/celebrity/sexual_relationships./celebrities/romantic_relationship/celebrity	157
/tv/tv_producer_type/tv_producers_of_this_type./tv/tv_producer_term/program	158
/base/folklore/mythical_creature/mythology	159
/business/sponsored_recipient/sponsorship./business/sponsorship/sponsored_by	160
/fictional_universe/fictional_character/occupation	161
/interests/collection_category/parent_category	162
/government/form_of_government/countries	163
/user/tsegaran/random/subject_taxonomy/entry./user/tsegaran/random/taxonomy_entry/subject	164
/organization/organization/phone_number./common/phone_number/service_location	165
/government/governmental_body/members./government/government_position_held/district_represented	166
/government/legislative_session/members./government/government_position_held/jurisdiction_of_office	167
/base/fight/crime_type/people_convicted_of_this_crime./base/crime/criminal_conviction/convicted_person	168
/tv/special_tv_performance_type/starring_performances./tv/regular_tv_appearance/series	169
/astronomy/star_system/planetary_system	170
/theater/play/country_of_origin	171
/american_football/football_team/current_roster./american_football/football_roster_position/player	172
/common/webpage/topic	173
/location/statistical_region/gni_in_ppp_dollars./measurement_unit/dated_money_value/currency	174
/american_football/football_player/current_team./american_football/football_roster_position/position	175
/award/award_nominee/award_nominations./award/award_nomination/nominated_for	176
/government/governmental_jurisdiction/governing_officials./government/government_position_held/legislative_sessions	177
/sports/sports_team/roster./sports/sports_team_roster/position	178
/time/event/locations	179
/base/crime/crime/victim_s	180
/soccer/football_team/current_roster./soccer/football_roster_position/player	181
/location/hud_foreclosure_area/total_residential_addresses./measurement_unit/dated_integer/source	182
/tv/tv_series_episode/writer	183
/government/governmental_jurisdiction/agencies	184
/base/argumentmaps/innovator/original_ideas	185
/baseball/baseball_player/lifetime_batting_statistics./baseball/lifetime_batting_statistics/starting_season	186
/base/petbreeds/dog_breed/color	187
/film/film/gross_revenue./measurement_unit/dated_money_value/currency	188
/travel/tourist_attraction/near_travel_destination	189
/time/recurring_event/instances	190
/music/concert_tour/artist	191
/internet/website_owner/websites_owned_new./internet/website_ownership/website	192
/biology/organism_classification/rank	193
/common/resource/annotations./common/webpage/topic	194
/business/industry/companies	195
/architecture/building/building_function	196
/base/americancomedy/impersonated_celebrity/impersonated_by	197
/biology/breed_registry/recognized_breeds./biology/breed_registration/breed	198
/location/administrative_division/country	199
/medicine/risk_factor/diseases	200
/government/government_office_category/officeholders./government/government_position_held/district_represented	201
/government/legislative_session/members./government/government_position_held/district_represented	202
/base/infrastructure/power_station/fuel_type	203
/cvg/cvg_genre/games	204
/martial_arts/martial_art/well_known_practitioner	205
/sports/sports_team/sport	206
/common/topic/subjects	207
/theater/theatrical_lyricist/play_lyrics_written	208
/baseball/baseball_team/league	209
/protected_sites/governing_body_of_protected_sites/protected_sites_governed	210
/language/human_language/dialects	211
/soccer/football_player/matches_played./soccer/football_player_match_participation/team	212
/geography/geographical_feature/category	213
/base/x2010fifaworldcupsouthafrica/world_cup_participant/world_cup_team./base/x2010fifaworldcupsouthafrica/current_world_cup_squad/position	214
/base/bioventurist/science_or_technology_company/develops_treatments_for_disease	215
/film/film/produced_by	216
/food/dietary_restriction/compatible_ingredients	217
/music/instrument/instrumentalists	218
/comic_books/comic_book_series/publisher	219
/fictional_universe/fictional_character/place_of_birth	220
/travel/travel_destination/how_to_get_here./travel/transportation/transport_terminus	221
/medicine/disease/includes_diseases	222
/computer/operating_system/parent_os	223
/sports/professional_sports_team/draft_picks./sports/sports_league_draft_pick/draft	224
/base/petbreeds/dog_coat_color/dog_breeds	225
/government/politician/party./government/political_party_tenure/party	226
/medicine/disease/risk_factors	227
/computer/programming_language/language_paradigms	228
/medicine/disease/notable_people_with_this_condition	229
/sports/sport/pro_athletes./sports/pro_sports_played/athlete	230
/government/government_office_or_title/office_holders./government/government_position_held/jurisdiction_of_office	231
/location/location/partially_containedby	232
/government/legislative_session/members./government/government_position_held/office_position_or_title	233
/base/schemastaging/fish/found_in	234
/film/film/release_date_s./film/film_regional_release_date/film_regional_debut_venue	235
/user/tfmorris/default_domain/signatory/documents_signed	236
/location/statistical_region/population./measurement_unit/dated_integer/source	237
/geography/island_group/islands_in_group	238
/base/popstra/location/vacationers./base/popstra/vacation_choice/vacationer	239
/government/government_office_category/officeholders./government/government_position_held/office_position_or_title	240
/base/contractbridge/bridge_player/first_place_finish./base/contractbridge/bridge_tournament_standings/second_place	241
/biology/organism/sex	242
/award/award_category/winners./award/award_honor/award_winner	243
/education/educational_institution_campus/educational_institution	244
/food/ingredient/dishes	245
/sports/sports_award_winner/awards./sports/sports_award/award	246
/user/alexbl/honorary_title/honorary_title/titled_people./user/alexbl/honorary_title/honorary_title_holding/conferred_upon	247
/user/tsegaran/random/taxonomy_subject/entry./user/tsegaran/random/taxonomy_entry/taxonomy	248
/film/film/genre	249
/location/hud_county_place/place	250
/people/person/education./education/education/institution	251
/common/annotation_category/annotations./common/webpage/topic	252
/aviation/aircraft_manufacturer/aircraft_models_made	253
/business/consumer_company/brands./business/company_brand_relationship/brand	254
/music/artist/origin	255
/education/field_of_study/subdiscipline_of	256
/projects/project_role/projects./projects/project_participation/participant	257
/award/ranked_list/ranked_list_items./award/ranking/item	258
/sports/sport_country/athletic_performances./sports/competitor_competition_relationship/competitors	259
/food/diet/followers	260
/broadcast/content/language	261
/base/popstra/religion/membership./base/popstra/religion_choice/member	262
/medicine/disease/prevention_factors	263
/organization/organization/organization_type	264
/influence/influence_node/influenced	265
/book/newspaper/circulation_areas	266
/base/thoroughbredracing/thoroughbred_racehorse_sex/horses_of_this_sex	267
/government/government_office_category/officeholders./government/government_position_held/legislative_sessions	268
/government/governmental_body/members./government/government_position_held/office_position_or_title	269
/government/political_appointer/appointees./government/government_position_held/office_holder	270
/government/political_party/politicians_in_this_party./government/political_party_tenure/politician	271
/aviation/airline/airports_served./aviation/airline_airport_presence/airport	272
/tv/tv_producer_type/tv_producers_of_this_type./tv/tv_producer_term/producer	273
/government/political_district/representatives./government/government_position_held/basic_title	274
/film/film_distributor/films_distributed./film/film_film_distributor_relationship/film	275
/location/hud_foreclosure_area/estimated_number_of_mortgages./measurement_unit/dated_integer/source	276
/medicine/icd_9_cm_classification/parent_classification	277
/government/election/office	278
/olympics/olympic_athlete/medals_won./olympics/olympic_medal_honor/country	279
/government/political_district/representatives./government/government_position_held/legislative_sessions	280
/base/collectives/collective/members./base/collectives/collective_membership/member	281
/music/performance_role/regular_performances./music/group_membership/role	282
/sports/sports_league_draft/picks./sports/sports_league_draft_pick/school	283
/fictional_universe/fictional_universe/works_set_here	284
/award/ranked_item/appears_in_ranked_lists./award/ranking/list	285
/education/field_of_study/students_majoring./education/education/institution	286
/exhibitions/exhibition_sponsor/exhibitions_sponsored./exhibitions/exhibition_run/sponsor	287
/soccer/football_player/current_team./soccer/football_roster_position/position	288
/aviation/airline/focus_cities	289
/film/personal_film_appearance_type/film_appearances./film/personal_film_appearance/film	290
/soccer/football_team_manager/team./soccer/football_team_management_tenure/team	291
/exhibitions/exhibition_sponsor/exhibitions_sponsored./exhibitions/exhibition_run/venue	292
/medicine/icd_9_cm_classification/includes_classifications	293
/olympics/olympic_participating_country/athletes./olympics/olympic_athlete_affiliation/sport	294
/broadcast/content/artist	295
/award/award_presenting_organization/awards_presented	296
/base/schemastaging/tv_program_extra/regular_dubbing_performances./base/schemastaging/tv_star_dubbing_performance/actor	297
/tv/tv_series_season/regular_cast./tv/regular_tv_appearance/seasons	298
/base/fashionmodels/hair_color/fashion_models_with_this_hair_color	299
/education/educational_institution/campuses	300
/base/popstra/organization/supporter./base/popstra/support/supporter	301
/business/business_operation/liabilities./measurement_unit/dated_money_value/currency	302
/film/film/distributors./film/film_film_distributor_relationship/region	303
/location/statistical_region/rent50_2./measurement_unit/dated_money_value/currency	304
/architecture/architect/architectural_style	305
/base/endorsements/endorsee/newspaper_endorsements./base/endorsements/newspaper_endorsement/newspaper	306
/user/alexander/philosophy/philosopher/era	307
/government/legislative_session/members./government/government_position_held/basic_title	308
/people/person/spouse_s./people/marriage/spouse	309
/base/popstra/celebrity/lived_with./base/popstra/lived_with/participant	310
/olympics/olympic_games/athletes./olympics/olympic_athlete_affiliation/athlete	311
/biology/domesticated_animal/breeds	312
/visual_art/art_period_movement/associated_artists	313
/tv/non_character_role/tv_guest_personal_appearances./tv/tv_guest_personal_appearance/person	314
/film/film_character/portrayed_in_films./film/performance/special_performance_type	315
/music/artist/genre	316
/government/government_office_or_title/office_holders./government/government_position_held/governmental_body	317
/government/political_party/ideology	318
/film/actor/dubbing_performances./film/dubbing_performance/character	319
/sports/sports_award_winner/awards./sports/sports_award/team	320
/location/statistical_region/rent50_0./measurement_unit/dated_money_value/currency	321
/film/film/executive_produced_by	322
/film/special_film_performance_type/film_performance_type./film/performance/film	323
/people/deceased_person/cause_of_death	324
/user/robert/us_congress/congressional_district/state	325
/tv/tv_program_guest/appeared_on./tv/tv_guest_personal_appearance/episode	326
/language/language_dialect/language	327
/broadcast/broadcast/distributor	328
/education/academic_institution/visiting_scholars_fellows_etc./education/academic_post/person	329
/film/director/film	330
/baseball/baseball_team/historical_roster./sports/sports_team_roster/player	331
/education/educational_institution/students_graduates./education/education/minor	332
/fictional_universe/fictional_job_title/fictional_characters_with_this_job./fictional_universe/fictional_employment_tenure/employee	333
/base/contractbridge/bridge_tournament/standing./base/contractbridge/bridge_tournament_standings/first_place	334
/royalty/noble_title/noble_rank	335
/location/hud_foreclosure_area/estimated_number_foreclosures./measurement_unit/dated_integer/source	336
/book/written_work/original_language	337
/film/film_job/films_with_this_crew_job./film/film_crew_gig/crewmember	338
/computer/programming_language/dialects	339
/tv/tv_program/spin_offs	340
/cvg/computer_videogame/developer	341
/basketball/basketball_position/player_roster_position./sports/sports_team_roster/player	342
/cvg/computer_videogame/sequel	343
/book/magazine_genre/magazines_in_this_genre	344
/travel/travel_destination/how_to_get_here./travel/transportation/transport_operator	345
/user/robert/us_congress/us_representative/state	346
/base/x2010fifaworldcupsouthafrica/world_cup_squad/current_world_cup_squad./base/x2010fifaworldcupsouthafrica/current_world_cup_squad/players	347
/travel/transport_terminus/travel_destinations_served./travel/transportation/travel_destination	348
/organization/role/leaders./organization/leadership/organization	349
/computer/programming_language/language_designers	350
/user/alexbl/honorary_title/titled_person/honorary_title./user/alexbl/honorary_title/honorary_title_holding/honorary_title	351
/sports/pro_athlete/teams./soccer/football_roster_position/position	352
/government/governmental_body/members./government/government_position_held/basic_title	353
/baseball/baseball_player/lifetime_batting_statistics./baseball/lifetime_batting_statistics/last_statistics_season	354
/olympics/olympic_games/participating_countries	355
/fictional_universe/work_of_fiction/setting	356
/tv/tv_producer/tv_episodes_produced./tv/tv_producer_episode_credit/episode	357
/user/lindenb/default_domain/scientist/known_for	358
/film/film_character/portrayed_in_films./film/performance/film	359
/base/parody/parody/parody_of	360
/olympics/olympic_games/medals_awarded./olympics/olympic_medal_honor/country	361
/american_football/football_player/passing./american_football/player_passing_statistics/season	362
/martial_arts/martial_artist/martial_art	363
/cvg/game_character/games./cvg/game_performance/game	364
/royalty/royal_line/kingdom_s_ruled	365
/base/aareas/schema/administrative_area/capital	366
/transportation/bridge/bridge_type	367
/computer/programming_language_designer/languages_designed	368
/sports/sports_team/roster./basketball/basketball_roster_position/position	369
/government/governmental_jurisdiction/governing_officials./government/government_position_held/governmental_body	370
/architecture/type_of_museum/museums	371
/base/contractbridge/bridge_player/second_place_finish./base/contractbridge/bridge_tournament_standings/second_place	372
/language/human_language/writing_system	373
/base/disaster2/tactic/attacks_of_this_form./base/disaster2/attack_process/attack_event	374
/location/administrative_division/first_level_division_of	375
/medicine/drug_class/drugs	376
/computer/operating_system/developer	377
/fictional_universe/fictional_character/rank	378
/people/person/spouse_s./people/marriage/type_of_union	379
/computer/software/developer	380
/location/country/form_of_government	381
/sports/sports_equipment/sport_used_for	382
/base/saturdaynightlive/snl_cast_member/seasons./base/saturdaynightlive/snl_season_tenure/cast_members	383
/aviation/airport/airlines./aviation/airline_airport_presence/airline	384
/music/group_member/membership./music/group_membership/group	385
/government/legislative_session/members./government/government_position_held/legislative_sessions	386
/organization/non_profit_organization/registered_with./organization/non_profit_registration/registering_agency	387
/base/popstra/celebrity/religion./base/popstra/religion_choice/religion	388
/education/fraternity_sorority/colleges_and_universities	389
/base/localfood/food_producing_region/seasonal_availability./base/localfood/produce_availability/produce	390
/tv/tv_actor/guest_roles./tv/tv_guest_role/episodes_appeared_in	391
/cvg/computer_videogame/subjects	392
/finance/currency/countries_used	393
/religion/religion/deities	394
/base/events/performer/performances./base/events/performance/performer	395
/base/fight/crime_type/victims_of_this_crime_type	396
/business/business_operation/net_profit./measurement_unit/dated_money_value/currency	397
/internet/website/owner_new./internet/website_ownership/owner	398
/government/legislative_session/members./government/government_position_held/governmental_body	399
/user/hangy/default_domain/sports_team_gender/gender	400
/tv/tv_series_episode/series	401
/sports/sports_team_location/teams	402
/broadcast/genre/content	403
/film/personal_film_appearance_type/film_appearances./film/personal_film_appearance/person	404
/medicine/disease/parent_disease	405
/location/statistical_region/rent50_3./measurement_unit/dated_money_value/currency	406
/education/field_of_study/subdisciplines	407
/ice_hockey/hockey_player/current_team./sports/sports_team_roster/team	408
/computer/software_genre/software_in_genre	409
/organization/organization/leadership./organization/leadership/person	410
/fictional_universe/character_occupation/characters_with_this_occupation	411
/tv/tv_program/spun_off_from	412
/base/localfood/seasonal_month/produce_available./base/localfood/produce_availability/seasonal_months	413
/cvg/computer_videogame/designers	414
/base/popstra/celebrity/supporter./base/popstra/support/supported_organization	415
/time/time_zone/locations_in_this_time_zone	416
/medicine/medical_treatment/used_to_treat	417
/protected_sites/protected_site/iucn_category	418
/military/military_commander/military_commands./military/military_command/military_combatant	419
/olympics/olympic_participating_country/olympics_participated_in	420
/government/political_appointer/appointees./government/government_position_held/governmental_body	421
/medicine/drug/legal_status	422
/people/appointed_role/appointment./people/appointment/appointee	423
/people/appointee/position./people/appointment/appointed_role	424
/olympics/olympic_participating_country/athletes./olympics/olympic_athlete_affiliation/athlete	425
/education/field_of_study/students_majoring./education/education/major_field_of_study	426
/base/activism/activist/area_of_activism	427
/media_common/netflix_title/netflix_genres	428
/award/award_winning_work/awards_won./award/award_honor/award	429
/geography/lake/lake_type	430
/education/school/school_district	431
/organization/organization/sectors	432
/soccer/football_team/current_roster./sports/sports_team_roster/position	433
/organization/organization_scope/organizations_with_this_scope	434
/government/politician/government_positions_held./government/government_position_held/appointed_by	435
/sports/pro_athlete/teams./american_football/football_historical_roster_position/team	436
/organization/organization/founders	437
/sports/sports_position/players./american_football/football_historical_roster_position/position_s	438
/language/language_family/languages	439
/comic_books/comic_book_character/primary_universe	440
/aviation/aircraft_model/number_owned_by./aviation/aircraft_ownership_count/aircraft_owner	441
/media_common/adapted_work/adaptations	442
/fictional_universe/fictional_character/parents	443
/organization/role/governors./organization/organization_board_membership/organization	444
/award/hall_of_fame_discipline/halls_of_fame	445
/people/family/country	446
/music/artist/track_contributions./music/track_contribution/role	447
/comic_books/comic_book_creator/series_created	448
/medicine/condition_prevention_factors/conditions_this_may_prevent	449
/tv/tv_character/appeared_in_tv_episodes./tv/tv_guest_role/actor	450
/sports/sports_position/players./american_football/football_historical_roster_position/player	451
/book/periodical_publisher/periodicals_published./book/periodical_publisher_period/periodical	452
/base/academyawards/host_of_oscar_show/oscar_show_hosted	453
/film/film/film_series	454
/people/appointer/appointment_made./people/appointment/appointee	455
/education/school/lowest_grade_taught	456
/organization/organization_founder/organizations_founded	457
/people/ethnicity/included_in_group	458
/medicine/disease/symptoms	459
/award/award_category/category_of	460
/film/film/dubbing_performances./film/dubbing_performance/language	461
/government/political_appointer/appointees./government/government_position_held/office_position_or_title	462
/tv/tv_program/seasons	463
/base/x2010fifaworldcupsouthafrica/world_cup_squad/current_world_cup_squad./base/x2010fifaworldcupsouthafrica/current_world_cup_squad/position	464
/olympics/olympic_athlete/country./olympics/olympic_athlete_affiliation/olympics	465
/organization/endowed_organization/endowment./measurement_unit/dated_money_value/currency	466
/computer/operating_system/includes_os_versions	467
/tv/tv_network/programs./tv/tv_network_duration/program	468
/film/special_film_performance_type/film_performance_type./film/performance/character	469
/tv/tv_actor/starring_roles./tv/regular_tv_appearance/series	470
/fictional_universe/fictional_character/species	471
/religion/religion/practices	472
/film/producer/films_executive_produced	473
/american_football/football_team/historical_roster./sports/sports_team_roster/player	474
/olympics/olympic_medal/medal_winners./olympics/olympic_medal_honor/medalist	475
/food/ingredient/cuisine	476
/film/film_set_designer/film_sets_designed	477
/tv/tv_program/program_creator	478
/olympics/olympic_games/sports	479
/film/special_film_performance_type/film_performance_type./film/performance/actor	480
/business/business_operation/operating_income./measurement_unit/dated_money_value/currency	481
/government/politician/government_positions_held./government/government_position_held/basic_title	482
/astronomy/celestial_object/category	483
/organization/organization_member/member_of./organization/organization_membership/organization	484
/government/politician/government_positions_held./government/government_position_held/district_represented	485
/award/award_winner/awards_won./award/award_honor/award_winner	486
/soccer/football_league/teams./soccer/football_league_participation/team	487
/american_football/football_team/historical_roster./american_football/football_historical_roster_position/player	488
/base/thoroughbredracing/thoroughbred_racehorse/sex	489
/location/country/second_level_divisions	490
/sports/sport/related_equipment	491
/education/school_district/schools	492
/music/artist/contribution./music/recording_contribution/performance_role	493
/tv/tv_program/filming_locations	494
/business/consumer_company/products./business/company_product_relationship/consumer_product	495
/broadcast/broadcast/content	496
/base/eating/diets/people_who_follow_this_diet	497
/media_common/dedicator/dedications./media_common/dedication/work_dedicated	498
/government/government_agency/jurisdiction	499
/chemistry/chemical_compound/solubility./chemistry/solubility_relationship/solvent	500
/broadcast/radio_station_owner/radio_stations	501
/music/artist/album	502
/film/film/prequel	503
/computer/software/compatible_oses./computer/software_compatibility/operating_system	504
/transportation/road/major_cities	505
/government/governmental_jurisdiction/governing_officials./government/government_position_held/appointed_by	506
/government/government_office_or_title/governmental_body_if_any	507
/sports/sports_position/players./basketball/basketball_roster_position/player	508
/base/schemastaging/tv_program_extra/regular_dubbing_performances./base/schemastaging/tv_star_dubbing_performance/language	509
/sports/professional_sports_team/owner_s	510
/music/performance_role/regular_performances./music/group_membership/group	511
/location/country/official_language	512
/sports/professional_sports_team/draft_picks./sports/sports_league_draft_pick/player	513
/people/person/languages	514
/base/newsevents/news_reported_event/news_report_s./base/newsevents/news_report/news_reporting_organisation	515
/geography/river/cities	516
/base/popstra/restaurant/restaurant_choice./base/popstra/restaurant_choice/diner	517
/travel/travel_destination/local_transportation	518
/finance/currency/countries_formerly_used	519
/education/educational_institution/students_graduates./education/education/degree	520
/business/business_operation/revenue./measurement_unit/dated_money_value/currency	521
/ice_hockey/hockey_position/players	522
/organization/organization/place_founded	523
/government/government_office_or_title/category	524
/comic_books/comic_book_character/regular_featured_appearances	525
/film/film/other_crew./film/film_crew_gig/film_crew_role	526
/american_football/football_team/current_roster./sports/sports_team_roster/player	527
/location/location/street_address./location/mailing_address/citytown	528
/medicine/disease_cause/diseases	529
/cvg/game_voice_actor/computer_game_voice_performances./cvg/game_performance/character	530
/base/popstra/company/product_endorser./base/popstra/paid_support/endorser	531
/sports/drafted_athlete/drafted./sports/sports_league_draft_pick/draft	532
/user/radiusrs/default_domain/astrology/related_topics	533
/fictional_universe/fictional_character/gender	534
/film/film/other_film_companies./film/film_film_company_relationship/film_company	535
/base/popstra/celebrity/vacations_in./base/popstra/vacation_choice/location	536
/biology/organism_classification_rank/organism_classifications	537
/book/literary_series/author_s	538
/fictional_universe/character_gender/characters_of_this_gender	539
/location/country/administrative_divisions	540
/organization/organization/involved_in_merger./organization/organization_merger/became_organization	541
/ice_hockey/hockey_team/historical_roster./sports/sports_team_roster/player	542
/broadcast/radio_station/owner	543
/sports/pro_athlete/teams./ice_hockey/hockey_roster_position/position	544
/organization/organization/leadership./organization/leadership/role	545
/education/fraternity_sorority/founded_location	546
/education/educational_institution/students_graduates./education/education/specialization	547
/language/human_language/language_family	548
/education/educational_degree/people_with_this_degree./education/education/minor	549
/cvg/computer_videogame/publisher	550
/ice_hockey/hockey_player/hockey_position	551
/location/country/capital	552
/location/statistical_region/gdp_nominal_per_capita./measurement_unit/dated_money_value/currency	553
/education/school_district/locations_served	554
/film/film_festival_event/films	555
/tv/tv_writer/episodes_written	556
/film/actor/dubbing_performances./film/dubbing_performance/film	557
/architecture/architectural_style/examples	558
/medicine/disease/treatments	559
/sports/sports_league_draft/picks./sports/sports_league_draft_pick/team	560
/organization/organization_sector/organizations_in_this_sector	561
/government/governmental_body/offices_positions	562
/base/contractbridge/bridge_player/second_place_finish./base/contractbridge/bridge_tournament_standings/tournament	563
/religion/place_of_worship/religion	564
/tv/tv_program/regular_cast./tv/regular_tv_appearance/special_performance_type	565
/visual_art/visual_art_form/artists	566
/baseball/baseball_player/former_teams./sports/sports_team_roster/team	567
/tv/tv_actor/starring_roles./tv/regular_tv_appearance/seasons	568
/music/group_member/instruments_played	569
/fictional_universe/ethnicity_in_fiction/characters_of_this_ethnicity	570
/military/military_conflict/commanders./military/military_command/military_combatant	571
/protected_sites/site_listing_category/listed_sites./protected_sites/natural_or_cultural_site_listing/listed_site	572
/sports/sports_facility/teams	573
/award/award_nominee/award_nominations./award/award_nomination/award_nominee	574
/music/genre/subgenre	575
/religion/religious_text/religious_text_of	576
/cvg/computer_videogame/prequel	577
/dining/cuisine/ingredients	578
/organization/organization/phone_number./common/phone_number/category	579
/location/location/nearby_airports	580
/government/governmental_jurisdiction/official_symbols./location/location_symbol_relationship/symbol	581
/base/popstra/celebrity/endorsements./base/popstra/paid_support/company	582
/visual_art/visual_artist/art_forms	583
/royalty/noble_title/used_in./royalty/system_title_relationship/system	584
/food/diet_follower/follows_diet	585
/user/alexander/philosophy/era/philosophers	586
/biology/organism_classification/organisms_of_this_type	587
/music/album_release_type/albums	588
/tv/special_tv_performance_type/episode_performances./tv/tv_guest_role/actor	589
/location/location/containedby	590
/dining/cuisine/restaurant	591
/base/popstra/celebrity/dated./base/popstra/dated/participant	592
/people/marriage_union_type/unions_of_this_type./people/marriage/location_of_ceremony	593
/broadcast/tv_station_owner/tv_stations	594
/baseball/baseball_team/team_stats./baseball/baseball_team_stats/season	595
/basketball/basketball_player/team./basketball/basketball_roster_position/position	596
/architecture/structure/address./location/mailing_address/citytown	597
/exhibitions/exhibition_venue/exhibitions_at_this_venue./exhibitions/exhibition_run/sponsor	598
/base/argumentmaps/abstract_moral_dispute/particular_instances	599
/aviation/aircraft_type/aircraft_of_this_type	600
/travel/travel_destination/tourist_attractions	601
/dataworld/gardening_hint/split_to	602
/architecture/museum/type_of_museum	603
/religion/religion/texts	604
/geography/body_of_water/islands	605
/user/alexander/philosophy/philosopher/interests	606
/sports/sports_position/players./baseball/baseball_roster_position/team	607
/people/appointer/appointment_made./people/appointment/appointed_role	608
/computer/programming_language/parent_language	609
/film/person_or_entity_appearing_in_film/films./film/personal_film_appearance/film	610
/film/film/film_art_direction_by	611
/base/schemastaging/athlete_extra/salary./base/schemastaging/athlete_salary/team	612
/fictional_universe/fictional_character/appears_in_these_fictional_universes	613
/base/thoroughbredracing/thoroughbred_racehorse_origin/horses_from_this_location	614
/music/record_label/artist	615
/education/field_of_study/students_majoring./education/education/student	616
/sports/pro_athlete/teams./basketball/basketball_roster_position/team	617
/base/rugby/rugby_player/type_of_rugby	618
/award/competition/instance_of_recurring_competition	619
/base/schemastaging/tv_program_extra/regular_dubbing_performances./base/schemastaging/tv_star_dubbing_performance/character	620
/protected_sites/natural_or_cultural_site_designation/sites./protected_sites/natural_or_cultural_site_listing/listed_site	621
/film/film_genre/films_in_this_genre	622
/biology/breed_group/breeds_in_this_group./biology/breed_registration/breed	623
/internet/website/category	624
/base/popstra/celebrity/eats_at./base/popstra/restaurant_choice/restaurant	625
/travel/travel_destination/climate./travel/travel_destination_monthly_climate/month	626
/sports/sports_position/players./american_football/football_roster_position/team	627
/business/asset/owners./business/asset_ownership/owner	628
/award/hall_of_fame/inductees./award/hall_of_fame_induction/inductee	629
/book/written_work/subjects	630
/tv/tv_character/appeared_in_tv_program./tv/regular_tv_appearance/special_performance_type	631
/fictional_universe/fictional_character/siblings./fictional_universe/sibling_relationship_of_fictional_characters/siblings	632
/base/americancomedy/comedy_group_member/belongs_to./base/americancomedy/comedy_group_membership/group	633
/sports/sports_team/roster./baseball/baseball_historical_roster_position/player	634
/award/hall_of_fame/discipline	635
/medicine/disease/medical_specialties	636
/media_common/dedicatee/dedications./media_common/dedication/dedicated_by	637
/base/thoroughbredracing/thoroughbred_racehorse/country	638
/education/academic/research_areas	639
/broadcast/tv_station/owner	640
/location/us_county/county_seat	641
/basketball/basketball_team/roster./basketball/basketball_roster_position/position	642
/basketball/basketball_position/player_roster_position./sports/sports_team_roster/team	643
/comic_books/comic_book_series/featured_characters	644
/base/yalebase/secret_society_member/belonged_to./base/yalebase/secret_society_membership/society	645
/basketball/basketball_player/team./basketball/basketball_roster_position/team	646
/basketball/basketball_player/team./sports/sports_team_roster/team	647
/religion/religion/includes	648
/baseball/baseball_player/batting_stats./baseball/batting_statistics/team	649
/business/employer/employees./business/employment_tenure/title	650
/common/topic/subject_of	651
/base/activism/activism_issue/activist_organizations	652
/film/film/sequel	653
/baseball/baseball_team/current_roster./sports/sports_team_roster/position	654
/american_football/football_player/passing./american_football/player_passing_statistics/team	655
/olympics/olympic_sport/athletes./olympics/olympic_athlete_affiliation/olympics	656
/base/petbreeds/dog_breed/group	657
/baseball/baseball_team/current_roster./baseball/baseball_roster_position/player	658
/government/governmental_jurisdiction/governing_officials./government/government_position_held/office_holder	659
/broadcast/radio_station/format	660
/user/robert/military/military_person/participated_in_conflicts	661
/royalty/chivalric_order_member/belongs_to_order./royalty/chivalric_order_membership/order	662
/base/bioventurist/bv_medical_condition/company_involved	663
/tennis/tennis_tournament_champion/tennis_titles./tennis/tennis_tournament_championship/winner	664
/travel/transport_operator/travel_destinations_served./travel/transportation/transport_operator	665
/book/newspaper_owner/newspapers_owned	666
/base/biblioness/bibs_location/state	667
/user/coco/science/concepts_theories/parent_concept	668
/government/political_district/representatives./government/government_position_held/governmental_body	669
/baseball/baseball_player/current_team./sports/sports_team_roster/team	670
/tv/non_character_role/tv_regular_personal_appearances./tv/tv_regular_personal_appearance/program	671
/film/film/film_format	672
/film/actor/film./film/performance/special_performance_type	673
/location/it_province/capital	674
/book/book_subject/works	675
/common/webpage/category	676
/royalty/noble_person/titles./royalty/noble_title_tenure/noble_title	677
/user/narphorium/people/wealthy_person/net_worth./measurement_unit/dated_money_value/currency	678
/visual_art/artwork/art_subject	679
/biology/organism_classification/lower_classifications	680
/tv/tv_producer/programs_produced./tv/tv_producer_term/program	681
/book/periodical/publisher./book/periodical_publisher_period/publisher	682
/american_football/football_player/games./american_football/player_game_statistics/season	683
/book/author/works_written	684
/business/board_member/organization_board_memberships./organization/organization_board_membership/role	685
/geography/river/basin_countries	686
/people/cause_of_death/includes_causes_of_death	687
/aviation/airline_alliance/member_airlines	688
/base/saints/saint/venerated_in	689
/government/legislative_session/members./government/government_position_held/office_holder	690
/theater/theater_actor/theater_roles./theater/theater_role/role	691
/media_common/media_genre/parent_genre	692
/media_common/dedicatee/dedications./media_common/dedication/work_dedicated	693
/base/fight/crime_type/people_convicted_of_this_crime./base/crime/criminal_conviction/guilty_of	694
/cvg/cvg_designer/games_designed	695
/base/infrastructure/power_plant_type/power_station	696
/film/film/production_companies	697
/aviation/aircraft_owner/aircraft_fleet_composition./aviation/aircraft_ownership_count/aircraft_model	698
/government/governmental_jurisdiction/governing_officials./government/government_position_held/basic_title	699
/award/award_winning_work/awards_won./award/award_honor/award_winner	700
/american_football/football_player/current_team./sports/sports_team_roster/team	701
/american_football/football_player/games./american_football/player_game_statistics/team	702
/base/x2010fifaworldcupsouthafrica/world_cup_squad/current_world_cup_squad./base/x2010fifaworldcupsouthafrica/current_world_cup_squad/current_club	703
/law/invention/inventor	704
/ice_hockey/hockey_player/former_team_s./sports/sports_team_roster/team	705
/aviation/airliner_accident/flight_destination	706
/sports/sports_team/roster./american_football/football_roster_position/position	707
/film/film_distribution_medium/films_distributed_in_this_medium./film/film_film_distributor_relationship/film	708
/aviation/airport/focus_city_for	709
/location/statistical_region/rent50_1./measurement_unit/dated_money_value/currency	710
/military/military_person/service./military/military_service/military_force	711
/location/country/currency_formerly_used	712
/film/film/film_production_design_by	713
/medicine/infectious_disease/infectious_agent_type	714
/transportation/road/end2./transportation/road_starting_point/location	715
/government/political_district/representatives./government/government_position_held/office_holder	716
/government/politician/government_positions_held./government/government_position_held/office_position_or_title	717
/royalty/system_of_nobility/titles./royalty/system_title_relationship/title	718
/theater/play/genre	719
/location/us_county/hud_county_place	720
/education/university/local_tuition./measurement_unit/dated_money_value/currency	721
/film/film_featured_song/performed_by	722
/fictional_universe/fictional_character/based_on	723
/broadcast/artist/content	724
/film/film/dubbing_performances./film/dubbing_performance/actor	725
/soccer/football_team/league./soccer/football_league_participation/league	726
/base/popstra/company/shopping_choice./base/popstra/shopping_choice/shopper	727
/tv/special_tv_performance_type/starring_performances./tv/regular_tv_appearance/character	728
/common/resource/annotations./common/webpage/category	729
/geography/lake/basin_countries	730
/people/person/parents	731
/business/sponsor/sponsorship./business/sponsorship/sponsored_recipient	732
/people/cause_of_death/people	733
/tv/tv_program/subjects	734
/sports/sports_team/roster./sports/sports_team_roster/player	735
/award/award/category	736
/sports/sports_position/players./basketball/basketball_roster_position/team	737
/location/location/partially_contains	738
/government/government_office_or_title/jurisdiction	739
/base/aareas/schema/administrative_area/administrative_area_type	740
/aviation/airline/airports_served./aviation/airline_airport_presence/cities_served	741
/sports/pro_athlete/teams./soccer/football_roster_position/team	742
/business/business_operation/current_liabilities./measurement_unit/dated_money_value/currency	743
/architecture/architect/structures_designed	744
/military/military_person/service./military/military_service/rank	745
/law/judge/courts./law/judicial_tenure/court	746
/location/country/languages_spoken	747
/music/album/artist	748
/user/jg/default_domain/olympic_games/sports	749
/base/fight/crime_type/included_in_crimes	750
/music/group_member/vocal_range	751
/fictional_universe/fictional_character/character_created_by	752
/sports/sports_championship_event/champion	753
/people/family/members	754
/base/thoroughbredracing/thoroughbred_racehorse_color/horses_of_this_color	755
/tv/tv_program/regular_cast./tv/regular_tv_appearance/actor	756
/people/person/education./education/education/major_field_of_study	757
/basketball/basketball_player/former_teams./sports/sports_team_roster/team	758
/sports/sports_team/league./sports/sports_league_participation/league	759
/sports/sports_team/roster./baseball/baseball_roster_position/position	760
/location/location/time_zones	761
/tv/tv_character/appeared_in_tv_program./tv/regular_tv_appearance/actor	762
/base/ecology/food_web_member/belongs_to_ecosystem_s	763
/people/place_of_interment/interred_here	764
/people/appointee/position./people/appointment/appointed_by	765
/organization/organization/board_members./organization/organization_board_membership/role	766
/base/marchmadness/ncaa_basketball_tournament/seeds./base/marchmadness/ncaa_tournament_seed/team	767
/film/film_story_contributor/film_story_credits	768
/american_football/football_team/current_roster./american_football/football_roster_position/position	769
/sports/pro_athlete/teams./ice_hockey/hockey_previous_roster_position/team	770
/baseball/baseball_player/current_team./baseball/baseball_roster_position/team	771
/sports/sports_position/players./ice_hockey/hockey_roster_position/team	772
/olympics/olympic_games/medals_awarded./olympics/olympic_medal_honor/medal	773
/ice_hockey/hockey_team/current_roster./ice_hockey/hockey_roster_position/position	774
/american_football/football_team/historical_coaching_staff./american_football/football_historical_coach_position/coach	775
/media_common/netflix_genre/titles	776
/aviation/airline/hubs	777
/education/educational_institution/students_graduates./education/education/major_field_of_study	778
/religion/religion/places_of_worship	779
/film/film/estimated_budget./measurement_unit/dated_money_value/currency	780
/olympics/olympic_participating_country/medals_won./olympics/olympic_medal_honor/medalist	781
/music/musical_group/member./music/group_membership/role	782
/government/governmental_jurisdiction/government_bodies	783
/tennis/tennis_player/matches_lost./tennis/tennis_match/winner	784
/base/nobelprizes/nobel_subject_area/nobel_awards./base/nobelprizes/nobel_honor/subject_area	785
/people/person/children	786
/base/fight/crime_type/includes_crimes	787
/base/activism/activism_issue/activists	788
/base/contractbridge/bridge_player/teammates./base/contractbridge/bridge_player_teammates/teammate	789
/sports/sports_team/roster./ice_hockey/hockey_roster_position/player	790
/people/ethnicity/includes_groups	791
/base/contractbridge/bridge_player/second_place_finish./base/contractbridge/bridge_tournament_standings/first_place	792
/award/award_discipline/awards_in_this_discipline	793
/education/educational_institution/sports_teams	794
/military/military_combatant/military_commanders./military/military_command/military_commander	795
/olympics/olympic_athlete/medals_won./olympics/olympic_medal_honor/medal	796
/base/events/festival_series/type_of_festival	797
/organization/role/governors./organization/organization_board_membership/member	798
/business/business_operation/retained_earnings./measurement_unit/dated_money_value/currency	799
/people/profession/people_with_this_profession	800
/olympics/olympic_games/athletes./olympics/olympic_athlete_affiliation/country	801
/film/film/edited_by	802
/aviation/airline/alliance	803
/military/rank/used_by_services./military/military_service/military_person	804
/people/ethnicity/geographic_distribution	805
/government/governmental_body/members./government/government_position_held/legislative_sessions	806
/film/film/release_date_s./film/film_regional_release_date/film_release_distribution_medium	807
/base/aareas/schema/administrative_area/administrative_parent	808
/user/tfmorris/default_domain/document/signatories	809
/metropolitan_transit/transit_system/area_served	810
/award/award_category/presenting_organization	811
/education/educational_degree/people_with_this_degree./education/education/specialization	812
/base/americancomedy/comedian/comedy_genres	813
/location/administrative_division/capital./location/administrative_division_capital_relationship/capital	814
/travel/transport_operator/travel_destinations_served./travel/transportation/mode_of_transportation	815
/religion/religious_organization/leaders./religion/religious_organization_leadership/leader	816
/tv/tv_program_creator/programs_created	817
/government/government_office_category/officeholders./government/government_position_held/office_holder	818
/royalty/royal_line/monarchs_from_this_line	819
/geography/island/island_group	820
/film/film_company/films./film/film_film_company_relationship/film	821
/film/film/starring./film/performance/special_performance_type	822
/government/governmental_body/jurisdiction	823
/language/human_language/region	824
/government/governmental_jurisdiction/governing_officials./government/government_position_held/district_represented	825
/music/artist/supporting_artists	826
/book/magazine/genre	827
/tv/tv_network/areas_served	828
/projects/project_participant/projects./projects/project_participation/role	829
/business/board_member/leader_of./organization/leadership/role	830
/geography/island/body_of_water	831
/base/argumentmaps/morally_disputed_activity/instance_of_abstract_moral_dispute	832
/computer/computer/manufacturer	833
/sports/pro_athlete/teams./american_football/football_roster_position/team	834
/sports/multi_event_tournament/sports	835
/people/person/profession	836
/base/culturalevent/event/entity_involved	837
/user/mt/default_domain/metabolite/biofluid_location	838
/government/governmental_body/members./government/government_position_held/appointed_by	839
/celebrities/sexual_orientation/celebrities./celebrities/sexual_orientation_phase/celebrity	840
/language/human_language/main_country	841
/american_football/football_player/former_teams./american_football/football_historical_roster_position/team	842
/film/film/subjects	843
/education/educational_degree/people_with_this_degree./education/education/student	844
/award/award_nominee/award_nominations./award/award_nomination/award	845
/music/instrument/family	846
/medicine/drug/drug_class	847
/food/dish/ingredients	848
/tv/tv_series_episode/producers./tv/tv_producer_episode_credit/producer	849
/american_football/football_team/historical_roster./sports/sports_team_roster/position	850
/organization/organization/headquarters./location/mailing_address/state_province_region	851
/book/newspaper/headquarters./location/mailing_address/state_province_region	852
/base/americancomedy/comedy_group/members./base/americancomedy/comedy_group_membership/member	853
/sports/sports_championship_event/championship	854
/olympics/olympic_games/athletes./olympics/olympic_athlete_affiliation/sport	855
/base/fight/sentence/convictions./base/crime/criminal_conviction/convicted_person	856
/base/petbreeds/city_with_dogs/top_breeds./base/petbreeds/dog_city_relationship/dog_breed	857
/film/film/runtime./film/film_cut/film_release_region	858
/military/military_combatant/force_deployments./military/force_strength/military_conflict	859
/medicine/disease/causes	860
/music/artist/label	861
/organization/membership_organization/members./organization/organization_membership/member	862
/book/periodical/subjects	863
/music/genre/parent_genre	864
/award/hall_of_fame_inductee/hall_of_fame_inductions./award/hall_of_fame_induction/category	865
/government/politician/government_positions_held./government/government_position_held/legislative_sessions	866
/cvg/computer_videogame/cvg_genre	867
/tv/tv_program_guest/appeared_on./tv/tv_guest_personal_appearance/appearance_type	868
/sports/sports_team/season_record./sports/sports_team_season_record/season	869
/comic_books/comic_book_creator/characters_created	870
/architecture/structure/construction_cost./measurement_unit/money_value/currency	871
/film/film/starring./film/performance/character	872
/education/educational_degree/people_with_this_degree./education/education/institution	873
/education/school_mascot/school	874
/base/usnationalparks/us_national_park/state	875
/base/events/type_of_festival/recurring_festivals_of_this_type	876
/music/musical_group/member./music/group_membership/member	877
/location/country/first_level_divisions	878
/sports/drafted_athlete/drafted./sports/sports_league_draft_pick/team	879
/music/group_member/membership./music/group_membership/role	880
/location/hud_county_place/county	881
/film/film/distributors./film/film_film_distributor_relationship/distributor	882
/film/film/written_by	883
/people/person/nationality	884
/travel/travel_destination/how_to_get_here./travel/transportation/mode_of_transportation	885
/base/schemastaging/person_extra/net_worth./measurement_unit/dated_money_value/currency	886
/base/popstra/celebrity/bought./base/popstra/product_choice/product	887
/computer/operating_system_developer/operating_systems_developed	888
/sports/sports_league/sport	889
/tv/tv_program/regular_personal_appearances./tv/tv_regular_personal_appearance/appearance_type	890
/celebrities/celebrity/sexual_orientation./celebrities/sexual_orientation_phase/sexual_orientation	891
/royalty/monarch/royal_line	892
/american_football/football_player/position_s	893
/architecture/structure/owner./architecture/ownership/owner	894
/sports/sports_position/players./soccer/football_roster_position/team	895
/base/endorsements/endorsing_newspaper/endorsements./base/endorsements/newspaper_endorsement/endorsee	896
/music/voice/singers	897
/sports/sports_team/roster./american_football/football_historical_roster_position/position_s	898
/education/university/domestic_tuition./measurement_unit/dated_money_value/currency	899
/film/film_festival/individual_festivals	900
/user/alexander/misc/murdered_person/place_murdered	901
/food/dish/cuisine	902
/visual_art/visual_art_genre/artworks	903
/media_common/dedicated_work/dedication./media_common/dedication/dedicated_by	904
/business/asset_owner/assets_owned./business/asset_ownership/owned_asset	905
/american_football/football_player/former_teams./sports/sports_team_roster/team	906
/fictional_universe/fictional_character_creator/fictional_characters_created	907
/music/conductor/groups./music/conducting_tenure/ensemble	908
/award/award_category/nominees./award/award_nomination/award_nominee	909
/sports/sports_league_draft/picks./sports/sports_league_draft_pick/player	910
/film/film/dubbing_performances./film/dubbing_performance/character	911
/award/award_winner/awards_won./award/award_honor/award	912
/baseball/baseball_player/current_team./baseball/baseball_roster_position/position	913
/medicine/symptom/symptom_of	914
/influence/influence_node/influenced_by	915
/computer/software/license	916
/aviation/aircraft_model/aircraft_type	917
/sports/sports_award_winner/awards./sports/sports_award/season	918
/organization/organization/geographic_scope	919
/people/appointed_role/appointment./people/appointment/appointed_by	920
/media_common/media_genre/child_genres	921
/film/film/film_set_decoration_by	922
/cvg/cvg_developer/games_developed	923
/sports/school_sports_team/school	924
/book/periodical_format/periodicals_in_this_format./book/periodical_format_period/periodical	925
/education/school/highest_grade_taught	926
/sports/pro_athlete/teams./basketball/basketball_roster_position/position	927
/government/political_appointer/appointees./government/government_position_held/basic_title	928
/sports/sports_team/roster./american_football/football_roster_position/player	929
/comic_books/comic_book_character/created_by	930
/film/music_contributor/film	931
/base/contractbridge/bridge_player/first_place_finish./base/contractbridge/bridge_tournament_standings/first_place	932
/film/film/film_festivals	933
/government/government_office_category/officeholders./government/government_position_held/appointed_by	934
/people/person/sibling_s./people/sibling_relationship/sibling	935
/book/school_or_movement/associated_authors	936
/cvg/computer_videogame/characters./cvg/game_performance/character	937
/tv/tv_location/tv_shows_filmed_here	938
/award/hall_of_fame_inductee/hall_of_fame_inductions./award/hall_of_fame_induction/hall_of_fame	939
/royalty/noble_title/holders./royalty/noble_title_tenure/noble_person	940
/base/schemastaging/tv_character_extra/regular_dubbing_performances./base/schemastaging/tv_star_dubbing_performance/program	941
/film/editor/film	942
/fictional_universe/fictional_character/powers_or_abilities	943
/baseball/baseball_league/teams	944
/award/award_nominated_work/award_nominations./award/award_nomination/nominated_for	945
/media_common/dedicator/dedications./media_common/dedication/dedicated_to	946
/biology/breed_origin/breeds_originating_here	947
/tv/tv_personality/tv_regular_appearances./tv/tv_regular_personal_appearance/appearance_type	948
/basketball/basketball_position/player_roster_position./basketball/basketball_roster_position/player	949
/baseball/baseball_player/batting_stats./baseball/batting_statistics/season	950
/base/schemastaging/organization_extra/phone_number./base/schemastaging/phone_sandbox/service_location	951
/theater/play/lyricist	952
/cvg/game_series/games_in_series	953
/people/marriage_union_type/unions_of_this_type./people/marriage/spouse	954
/ice_hockey/hockey_player/current_team./ice_hockey/hockey_roster_position/position	955
/olympics/olympic_participating_country/athletes./olympics/olympic_athlete_affiliation/olympics	956
/people/ethnicity/languages_spoken	957
/fictional_universe/character_powers/characters_with_this_ability	958
/education/educational_institution/colors	959
/military/armed_force/personnel./military/military_service/military_person	960
/american_football/football_player/former_teams./sports/sports_team_roster/position	961
/travel/transport_terminus/travel_destinations_served./travel/transportation/mode_of_transportation	962
/music/performance_role/regular_performances./music/group_membership/member	963
/law/court/judges./law/judicial_tenure/judge	964
/base/parody/parodied_subject/parodies	965
/government/government_office_or_title/office_holders./government/government_position_held/legislative_sessions	966
/base/schemastaging/tv_actor_extra/regular_dubbing_performances./base/schemastaging/tv_star_dubbing_performance/character	967
/film/film/runtime./film/film_cut/type_of_film_cut	968
/baseball/baseball_player/lifetime_batting_statistics./baseball/lifetime_batting_statistics/ending_season	969
/broadcast/broadcast/area_served	970
/sports/sports_league_season/awards./sports/sports_award/award_winner	971
/common/topic/webpage./common/webpage/resource	972
/venture_capital/venture_funded_company/venture_investors./venture_capital/venture_investment/investor	973
/business/business_operation/assets./measurement_unit/dated_money_value/currency	974
/organization/organization/child./organization/organization_relationship/child	975
/people/person/employment_history./business/employment_tenure/company	976
/film/film_location/featured_in_films	977
/location/statistical_region/gdp_real./measurement_unit/adjusted_money_value/adjustment_currency	978
/olympics/olympic_athlete/medals_won./olympics/olympic_medal_honor/medalist	979
/base/popstra/celebrity/breakup./base/popstra/breakup/participant	980
/common/topic/webpage./common/webpage/category	981
/sports/pro_athlete/teams./baseball/baseball_roster_position/team	982
/film/film/release_date_s./film/film_regional_release_date/film_release_region	983
/government/governmental_jurisdiction/government_positions	984
/base/schemastaging/athlete_extra/salary./base/schemastaging/athlete_salary/currency	985
/book/newspaper/owner	986
/fictional_universe/fictional_character/employers./fictional_universe/fictional_employment_tenure/title	987
/film/film_festival/location	988
/base/x2010fifaworldcupsouthafrica/world_cup_participant/world_cup_team./base/x2010fifaworldcupsouthafrica/current_world_cup_squad/national_team	989
/base/schemastaging/tv_actor_extra/regular_dubbing_performances./base/schemastaging/tv_star_dubbing_performance/program	990
/business/business_operation/cash./measurement_unit/dated_money_value/currency	991
/government/government_office_category/officeholders./government/government_position_held/jurisdiction_of_office	992
/education/educational_institution/students_graduates./education/education/student	993
/language/language_writing_system/languages	994
/business/business_operation/current_assets./measurement_unit/dated_money_value/currency	995
/olympics/olympic_games/medals_awarded./olympics/olympic_medal_honor/medalist	996
/base/eating/practicer_of_diet/diet	997
/base/onephylogeny/type_of_thing/things_of_this_type	998
/base/famouspets/pet_owner/pets_owned./base/famouspets/pet_ownership/owner	999
/business/job_title/people_with_this_title./business/employment_tenure/company	1000
/business/employer/employees./business/employment_tenure/person	1001
/film/film/film_casting_director	1002
/government/governmental_body/body_this_is_a_component_of	1003
/protected_sites/iucn_category/protected_areas	1004
/american_football/football_team/current_roster./sports/sports_team_roster/position	1005
/government/governmental_body/members./government/government_position_held/office_holder	1006
/military/armed_force/personnel./military/military_service/rank	1007
/organization/organization/headquarters./location/mailing_address/country	1008
/soccer/football_team/current_roster./soccer/football_roster_position/position	1009
/people/cause_of_death/parent_cause_of_death	1010
/tv/tv_series_season/regular_cast./tv/regular_tv_appearance/series	1011
/american_football/football_player/former_teams./american_football/football_historical_roster_position/position_s	1012
/film/film_character/portrayed_in_films_dubbed./film/dubbing_performance/language	1013
/education/university/international_tuition./measurement_unit/dated_money_value/currency	1014
/ice_hockey/hockey_player/former_team_s./ice_hockey/hockey_previous_roster_position/team	1015
/religion/religious_leader/religious_leadership./religion/religious_organization_leadership/organization	1016
/location/location/street_address./location/mailing_address/state_province_region	1017
/government/political_district/representatives./government/government_position_held/jurisdiction_of_office	1018
/base/patronage/patron/related_client./base/patronage/patron_client_relationship/client	1019
/people/person/religion	1020
/award/award_winning_work/awards_won./award/award_honor/ceremony	1021
/medicine/type_of_infectious_agent/diseases	1022
/base/thoroughbredracing/thoroughbred_racehorse/color	1023
/government/governmental_body/members./government/government_position_held/jurisdiction_of_office	1024
/award/award_ceremony/awards_presented./award/award_honor/award	1025
/people/person/gender	1026
/venture_capital/venture_investor/investments./venture_capital/venture_investment/company	1027
/music/group_member/artists_supported	1028
/book/periodical_subject/periodicals	1029
/ice_hockey/hockey_team/current_roster./sports/sports_team_roster/position	1030
/sports/drafted_athlete/drafted./sports/sports_league_draft_pick/school	1031
/award/award_category/long_lists./award/long_list_nomination/nominee	1032
/sports/sports_position/players./baseball/baseball_roster_position/player	1033
/astronomy/orbital_relationship/orbited_by	1034
/tv/tv_program/genre	1035
/base/activism/organization/area_of_activism	1036
/sports/sports_position/players./american_football/football_historical_roster_position/team	1037
/base/wrestling/solo_wrestler_or_team/members	1038
/tv/tv_producer/programs_produced./tv/tv_producer_term/producer_type	1039
/military/military_conflict/military_personnel_involved	1040
/base/americancomedy/comedy_genre/comedians_in_this_genre	1041
/tv/tv_program/country_of_origin	1042
/user/tsegaran/computer/algorithm/family	1043
/film/film/language	1044
/base/aareas/schema/administrative_area/administrative_children	1045
/government/political_ideology/political_parties	1046
/business/brand/owner_s./business/company_brand_relationship/company	1047
/location/statistical_region/religions./location/religion_percentage/religion	1048
/basketball/basketball_team/roster./basketball/basketball_roster_position/player	1049
/base/popstra/business_location/customer./base/popstra/hangout/customer	1050
/time/event/instance_of_recurring_event	1051
/sports/sports_team/arena_stadium	1052
/base/popstra/product/sold_to./base/popstra/product_choice/consumer	1053
/user/ktrueman/default_domain/international_organization/member_states	1054
/cvg/computer_videogame/game_series	1055
/medicine/drug_ingredient/more_specific_ingredient	1056
/base/x2010fifaworldcupsouthafrica/world_cup_participant/world_cup_team./base/x2010fifaworldcupsouthafrica/current_world_cup_squad/current_club	1057
/soccer/football_team/manager./soccer/football_team_management_tenure/manager	1058
/tv/tv_personality/tv_regular_appearances./tv/tv_regular_personal_appearance/program	1059
/computer/programming_language/influenced	1060
/military/military_conflict/commanders./military/military_command/military_commander	1061
/royalty/monarch/kingdom	1062
/geography/lake_type/lakes_of_this_type	1063
/award/award_ceremony/awards_presented./award/award_honor/honored_for	1064
/film/film_character/portrayed_in_films_dubbed./film/dubbing_performance/actor	1065
/american_football/football_team/historical_roster./american_football/football_historical_roster_position/position_s	1066
/american_football/football_player/receiving./american_football/player_receiving_statistics/season	1067
/sports/sports_position/players./soccer/football_roster_position/player	1068
/fictional_universe/fictional_setting/works_set_here	1069
/olympics/olympic_sport/athletes./olympics/olympic_athlete_affiliation/athlete	1070
/cvg/game_voice_actor/computer_game_voice_performances./cvg/game_performance/game	1071
/sports/sports_award_type/winners./sports/sports_award/award_winner	1072
/organization/organization/product_of_merger./organization/organization_merger/organizations_merging	1073
/military/military_post/used_by_armed_forces./military/military_post_use/armed_force	1074
/tv/tv_program/regular_cast./tv/regular_tv_appearance/character	1075
/award/award_nominated_work/award_nominations./award/award_nomination/award_nominee	1076
/base/schemastaging/organization_extra/phone_number./base/schemastaging/phone_sandbox/service_language	1077
/base/crime/convicted_criminal/convictions./base/crime/criminal_conviction/guilty_of	1078
/film/film/costume_design_by	1079
/olympics/olympic_athlete/country./olympics/olympic_athlete_affiliation/country	1080
/fictional_universe/person_in_fiction/representations_in_fiction	1081
/tv/non_character_role/tv_regular_personal_appearances./tv/tv_regular_personal_appearance/person	1082
/location/administrative_division/second_level_division_of	1083
/base/schemastaging/person_extra/net_worth./measurement_unit/dated_money_value/source	1084
/soccer/football_player/current_team./sports/sports_team_roster/position	1085
/tv/tv_writer/tv_programs./tv/tv_program_writer_relationship/tv_program	1086
/tv/tv_series_episode/guest_personal_appearances./tv/tv_guest_personal_appearance/person	1087
/award/award_presenting_organization/award_categories_presented	1088
/film/film/directed_by	1089
/media_common/dedicated_work/dedication./media_common/dedication/dedicated_to	1090
/base/folklore/mythology/mythical_creatures	1091
/sports/pro_athlete/teams./american_football/football_historical_roster_position/position_s	1092
/protected_sites/listed_site/designation_as_natural_or_cultural_site./protected_sites/natural_or_cultural_site_listing/category_or_criteria	1093
/film/film_production_designer/films_production_designed	1094
/architecture/structure/address./location/mailing_address/state_province_region	1095
/education/educational_institution/mascot	1096
/law/inventor/inventions	1097
/sports/sports_position/players./sports/sports_team_roster/team	1098
/geography/river/mouth	1099
/baseball/baseball_player/position_s	1100
/military/military_person/participated_in_conflicts	1101
/american_football/football_coach/coaching_history./american_football/football_historical_coach_position/team	1102
/location/hud_foreclosure_area/hhuniv./measurement_unit/dated_integer/source	1103
/award/award_category/disciplines_or_subjects	1104
/baseball/baseball_team/current_roster./sports/sports_team_roster/player	1105
/organization/organization/spin_offs./organization/organization_spin_off/child_company	1106
/geography/lake/cities	1107
/tv/tv_genre/programs	1108
/transportation/bridge/locale	1109
/award/award/presented_by	1110
/tv/tv_series_season/regular_cast./tv/regular_tv_appearance/actor	1111
/film/production_company/films	1112
/sports/sports_team/colors	1113
/film/film_festival_event/festival	1114
/people/person/employment_history./business/employment_tenure/title	1115
/ice_hockey/hockey_team/current_roster./sports/sports_team_roster/player	1116
/government/government_office_category/officeholders./government/government_position_held/governmental_body	1117
/military/military_conflict/casualties./military/casualties/combatant	1118
/location/statistical_region/gdp_nominal./measurement_unit/dated_money_value/currency	1119
/cvg/computer_game_subject/games	1120
/base/schemastaging/organization_extra/phone_number./base/schemastaging/phone_sandbox/contact_category	1121
/film/producer/film	1122
/military/military_conflict/force_strengths./military/force_strength/combatant	1123
/base/biblioness/bibs_location/city	1124
/business/business_operation/industry	1125
/award/long_list_nominee/long_list_nominations./award/long_list_nomination/award	1126
/theater/theater_genre/plays_in_this_genre	1127
/film/actor/film./film/performance/film	1128
/tv/tv_program/regular_personal_appearances./tv/tv_regular_personal_appearance/person	1129
/fictional_universe/fictional_character/married_to./fictional_universe/marriage_of_fictional_characters/spouses	1130
/film/film/story_by	1131
/sports/pro_athlete/teams./sports/sports_team_roster/team	1132
/sports/sports_championship/events	1133
/education/university/fraternities_and_sororities	1134
/government/politician/government_positions_held./government/government_position_held/jurisdiction_of_office	1135
/basketball/basketball_player/team./sports/sports_team_roster/position	1136
/sports/tournament_event_competitor/events_competed_in./sports/competitor_competition_relationship/country	1137
/base/contractbridge/bridge_player/first_place_finish./base/contractbridge/bridge_tournament_standings/tournament	1138
/soccer/football_player/current_team./soccer/football_roster_position/team	1139
/award/award_category/nominees./award/award_nomination/nominated_for	1140
/location/location/people_born_here	1141
/american_football/football_player/rushing./american_football/player_rushing_statistics/team	1142
/education/field_of_study/academics_in_this_field	1143
/base/endorsements/endorsing_newspaper/endorsements./base/endorsements/newspaper_endorsement/election	1144
/people/deceased_person/place_of_cremation	1145
/base/americancomedy/celebrity_impressionist/celebrities_impersonated	1146
/tv/tv_program/tv_producer./tv/tv_producer_term/producer	1147
/government/government_office_category/offices	1148
/broadcast/producer/produces	1149
/travel/transport_terminus/travel_destinations_served./travel/transportation/transport_terminus	1150
/religion/deity/deity_of	1151
/dining/cuisine/dishes	1152
/business/company_type/companies_of_this_type	1153
/games/game_genre/boardgames	1154
/sports/sports_position/players./ice_hockey/hockey_roster_position/player	1155
/base/popstra/celebrity/canoodled./base/popstra/canoodled/participant	1156
/people/person/ethnicity	1157
/american_football/football_coach/coaching_history./american_football/football_historical_coach_position/position	1158
/education/academic/appointments_fellowships_etc./education/academic_post/institution	1159
/aviation/airport/serves	1160
/computer/software/languages_used	1161
/film/film/personal_appearances./film/personal_film_appearance/person	1162
/cvg/game_character/games./cvg/game_performance/voice_actor	1163
/architecture/museum/address./location/mailing_address/citytown	1164
/award/award_winning_work/awards_won./award/award_honor/honored_for	1165
/ice_hockey/hockey_team/current_roster./ice_hockey/hockey_roster_position/player	1166
/sports/professional_sports_team/draft_picks./sports/sports_league_draft_pick/school	1167
/architecture/museum/address./location/mailing_address/state_province_region	1168
/sports/pro_athlete/teams./baseball/baseball_roster_position/position	1169
/book/author/series_written_or_contributed_to	1170
/people/profession/specializations	1171
/religion/religion/notable_figures	1172
/computer/programming_language_paradigm/languages	1173
/base/wrestling/professional_wrestler/member_of_team	1174
/book/written_work/author	1175
/baseball/baseball_position/players	1176
/symbols/namesake/named_after	1177
/medicine/notable_person_with_medical_condition/condition	1178
/sports/sport/leagues	1179
/base/fashionmodels/fashion_model/hair_color	1180
/military/military_combatant/force_deployments./military/force_strength/combatant	1181
/organization/organization/headquarters./location/mailing_address/citytown	1182
/organization/organization/board_members./organization/organization_board_membership/member	1183
/ice_hockey/hockey_player/current_team./sports/sports_team_roster/position	1184
/time/event/includes_event	1185
/user/coco/science/concepts_theories/child_concept	1186
/protected_sites/listed_site/designation_as_natural_or_cultural_site./protected_sites/natural_or_cultural_site_listing/designation	1187
/fictional_universe/character_species/characters_of_this_species	1188
/astronomy/celestial_object_category/objects	1189
/sports/sports_team_owner/teams_owned	1190
/olympics/olympic_medal/medal_winners./olympics/olympic_medal_honor/country	1191
/sports/sport/teams	1192
/sports/sports_team/roster./baseball/baseball_roster_position/player	1193
/common/annotation_category/annotations	1194
/tv/tv_series_season/series	1195
/organization/organization/parent./organization/organization_relationship/parent	1196
/music/performance_role/track_performances./music/track_contribution/contributor	1197
/broadcast/radio_format/stations	1198
/government/politician/government_positions_held./government/government_position_held/governmental_body	1199
/film/film_format/film_format	1200
/user/robert/us_congress/us_representative/congressional_caucus_memberships	1201
/sports/sports_position/players./sports/sports_team_roster/player	1202
/military/rank/used_by_services./military/military_service/military_force	1203
/sports/pro_athlete/sports_played_professionally./sports/pro_sports_played/sport	1204
/sports/sports_team/roster./soccer/football_roster_position/player	1205
/location/neighborhood/neighborhood_of	1206
/basketball/basketball_team/roster./sports/sports_team_roster/player	1207
/education/field_of_study/students_majoring./education/education/specialization	1208
/government/government_office_or_title/office_holders./government/government_position_held/office_holder	1209
/film/film/personal_appearances./film/personal_film_appearance/type_of_appearance	1210
/metropolitan_transit/transit_service_type/transit_lines	1211
/computer/programming_language/influenced_by	1212
/cvg/cvg_publisher/games_published	1213
/film/film_costumer_designer/costume_design_for_film	1214
/education/educational_institution/parent_institution	1215
/food/food/nutrients./food/nutrition_fact/nutrient	1216
/comic_books/comic_book_series/created_by	1217
/religion/religious_practice/practice_of	1218
/medicine/symptom/side_effect_of	1219
/user/robert/us_congress/us_representative/committee_memberships	1220
/baseball/baseball_player/current_team./sports/sports_team_roster/position	1221
/organization/role/leaders./organization/leadership/person	1222
/military/armed_force/military_posts./military/military_post_use/military_post	1223
/award/award_winner/awards_won./award/award_honor/ceremony	1224
/sports/sports_championship_event/runner_up	1225
/tv/tv_series_episode/guest_stars./tv/tv_guest_role/actor	1226
/visual_art/artwork/art_form	1227
/people/deceased_person/place_of_death	1228
/government/government_office_or_title/office_holders./government/government_position_held/appointed_by	1229
/film/person_or_entity_appearing_in_film/films./film/personal_film_appearance/type_of_appearance	1230
/military/military_conflict/combatants./military/military_combatant_group/combatants	1231
/organization/organization/companies_acquired./business/acquisition/company_acquired	1232
/baseball/baseball_team/historical_roster./baseball/baseball_historical_roster_position/player	1233
/location/statistical_region/places_exported_to./location/imports_and_exports/exported_to	1234
/religion/religion/organizations	1235
/fictional_universe/fictional_universe/characters	1236
/architecture/structure/architect	1237
/base/localfood/seasonal_month/produce_available./base/localfood/produce_availability/produce	1238
/base/popstra/celebrity/shops_at./base/popstra/shopping_choice/company	1239
/education/educational_institution/school_type	1240
/american_football/football_player/rushing./american_football/player_rushing_statistics/season	1241
/film/writer/film	1242
/medicine/drug_ingredient/active_moiety_of_drug	1243
/basketball/basketball_team/historical_roster./sports/sports_team_roster/player	1244
/user/szaijan/fantasy_football/position/player	1245
/base/petbreeds/dog_breed_group/dog_breeds	1246
/tv/tv_actor/guest_roles./tv/tv_guest_role/character	1247
/fictional_universe/character_rank/characters_of_this_rank	1248
/base/popstra/celebrity/hangout./base/popstra/hangout/business_location	1249
/broadcast/content/producer	1250
/music/performance_role/guest_performances./music/recording_contribution/performance_role	1251
/user/robert/us_congress/house_committee/current_members	1252
/computer/software_developer/software	1253
/film/cinematographer/film	1254
/american_football/football_coach_position/coaches_holding_this_position./american_football/football_historical_coach_position/team	1255
/fictional_universe/fictional_character/ethnicity	1256
/architecture/structure/architectural_style	1257
/sports/sports_league_season/awards./sports/sports_award/award	1258
/base/crime/crime_victim/crime_type	1259
/organization/organization_type/organizations_of_this_type	1260
/sports/sport/officials	1261
/sports/sports_team/location	1262
/location/statistical_region/gni_per_capita_in_ppp_dollars./measurement_unit/dated_money_value/currency	1263
/base/biblioness/bibs_location/country	1264
/education/academic/advisees	1265
/architecture/architectural_style/architects	1266
/biology/organism_classification/higher_classification	1267
/sports/sports_team/roster./ice_hockey/hockey_roster_position/position	1268
/media_common/adaptation/adapted_from	1269
/basketball/basketball_player/former_teams./basketball/basketball_historical_roster_position/team	1270
/food/dietary_restriction/incompatible_ingredients	1271
/base/schemastaging/organization_extra/phone_number./base/schemastaging/phone_open_times/time_zone	1272
/location/capital_of_administrative_division/capital_of./location/administrative_division_capital_relationship/administrative_division	1273
/basketball/basketball_player/position_s	1274
/tv/tv_program/regular_cast./tv/regular_tv_appearance/seasons	1275
/film/film_job/films_with_this_crew_job./film/film_crew_gig/film	1276
/visual_art/artwork/art_genre	1277
/film/film_art_director/films_art_directed	1278
/user/szaijan/fantasy_football/player/position	1279
/comic_books/comic_book_publisher/comic_book_series_published	1280
/military/military_combatant/military_conflicts./military/military_combatant_group/combatants	1281
/soccer/football_team/current_roster./sports/sports_team_roster/player	1282
/business/consumer_product/company./business/company_product_relationship/company	1283
/base/nobelprizes/nobel_subject_area/nobel_awards./base/nobelprizes/nobel_honor/nobel_prize_winner	1284
/film/film/country	1285
/ice_hockey/hockey_team/historical_roster./ice_hockey/hockey_previous_roster_position/player	1286
/tv/tv_actor/starring_roles./tv/regular_tv_appearance/character	1287
/time/event/included_in_event	1288
/people/deceased_person/place_of_burial	1289
/film/film/starring./film/performance/actor	1290
/broadcast/content/location	1291
/tv/tv_program/episodes	1292
/tv/tv_subject/tv_programs	1293
/business/board_member/organization_board_memberships./organization/organization_board_membership/organization	1294
/film/film_crewmember/films_crewed./film/film_crew_gig/film_crew_role	1295
/transportation/bridge_type/bridges_of_this_type	1296
/education/school_category/schools_of_this_kind	1297
/olympics/olympic_sport/olympic_games_contested	1298
/base/yalebase/secret_society/notable_members./base/yalebase/secret_society_membership/member	1299
/base/schemastaging/tv_character_extra/regular_dubbing_performances./base/schemastaging/tv_star_dubbing_performance/language	1300
/military/military_combatant/military_commanders./military/military_command/military_conflict	1301
/sports/sports_award_type/winners./sports/sports_award/season	1302
/food/ingredient/compatible_with_dietary_restrictions	1303
/base/locations/continents/countries_within	1304
/broadcast/content/genre	1305
/fictional_universe/work_of_fiction/part_of_these_fictional_universes	1306
/film/film/featured_film_locations	1307
/medicine/medical_specialty/diseases_treated	1308
/computer/computer_manufacturer_brand/computer_models	1309
/tv/tv_actor/guest_roles./tv/tv_guest_role/special_performance_type	1310
/cvg/computer_videogame/gameplay_modes	1311
/internet/website_category/sites	1312
/base/crime/crime_victim/crime	1313
/biology/animal_breed/place_of_origin	1314
/interests/collection_category/sub_categories	1315
/base/onephylogeny/type_of_thing/included_in	1316
/tv/tv_program/languages	1317
/user/tsegaran/computer/algorithm_family/algorithm	1318
/basketball/basketball_position/player_roster_position./basketball/basketball_roster_position/team	1319
/visual_art/visual_artist/associated_periods_or_movements	1320
/cvg/computer_videogame/characters./cvg/game_performance/voice_actor	1321
/geography/geographical_feature_category/features	1322
/education/educational_institution/subsidiary_or_constituent_schools	1323
/transportation/road/end1./transportation/road_starting_point/location	1324
/common/topic/webpage./common/webpage/topic	1325
/olympics/olympic_participating_country/medals_won./olympics/olympic_medal_honor/olympics	1326
/film/actor/dubbing_performances./film/dubbing_performance/language	1327
/biology/animal_breed/breed_of	1328
/education/fraternity_sorority/colors	1329
/book/newspaper/headquarters./location/mailing_address/citytown	1330
/award/recurring_competition/individual_competitions	1331
/location/location/adjoin_s./location/adjoining_relationship/adjoins	1332
/royalty/order_of_chivalry/recipients./royalty/chivalric_order_membership/recipient	1333
/film/film/distributors./film/film_film_distributor_relationship/film_distribution_medium	1334
/american_football/football_position/players	1335
/music/conducted_ensemble/conductors./music/conducting_tenure/conductor	1336
/tv/special_tv_performance_type/starring_performances./tv/regular_tv_appearance/actor	1337
/location/statistical_region/places_imported_from./location/imports_and_exports/imported_from	1338
/base/fight/sports_official/sport	1339
/organization/organization/spun_off_from./organization/organization_spin_off/parent_company	1340
/basketball/basketball_position/players	1341
/sports/pro_athlete/teams./sports/sports_team_roster/position	1342
/business/job_title/people_with_this_title./business/employment_tenure/person	1343
/sports/sports_league/teams./sports/sports_league_participation/team	1344
